region,contributions
North America,36.531287685270385
Europe,25.02784680597249
China,10.699612051358077
East Asia,2.242082117966111
Australia and New Zealand,2.1617225687886417
Central and South Asia,2.0456080255546567
Central and South America,1.359291850869517
West Asia,1.290177422878964
Southeast Asia,0.9575780011602409
Russia,0.5419077926069411
Africa,0.26866759287366254
Pacific,0.00015744704858947124
